<?xml version="1.0" encoding="UTF-8"?>
<config xmlns="http://www.knime.org/2008/09/XMLConfig" xmlns:xsi="http://www.w3.org/2001/XMLSchema-instance" xsi:schemaLocation="http://www.knime.org/2008/09/XMLConfig http://www.knime.org/XMLConfig_2008_09.xsd" key="MiningSchema">
<config key="learning">
<entry key="array-size" type="xint" value="3"/>
<entry key="0" type="xstring" value="Customer_Segment"/>
<entry key="1" type="xstring" value="Avg_Num_Products_Purchased"/>
<entry key="2" type="xstring" value="#_Years_as_Customer"/>
</config>
<config key="target">
<entry key="array-size" type="xint" value="1"/>
<entry key="0" type="xstring" value="Avg_Sale_Amount"/>
</config>
</config>
