<?xml version="1.0" encoding="UTF-8"?>
<config xmlns="http://www.knime.org/2008/09/XMLConfig" xmlns:xsi="http://www.w3.org/2001/XMLSchema-instance" xsi:schemaLocation="http://www.knime.org/2008/09/XMLConfig http://www.knime.org/XMLConfig_2008_09.xsd" key="model.xml">
<entry key="version" type="xint" value="1"/>
<entry key="class_name" type="xstring" value="org.knime.base.algorithms.outlier.NumericOutliersPortObject"/>
<config key="model">
<entry key="summary" type="xstring" value="Outlier treatment for columns: &quot;Total Pawdacity Sales&quot;, &quot;Land Area&quot;, &quot;Households with Under 18&quot;,  ... &lt;2 more&gt;"/>
<config key="group-col-types">
<entry key="array-size" type="xint" value="0"/>
</config>
<config key="outlier-treatment">
<entry key="outlier-treatment" type="xstring" value="Remove non-outlier rows"/>
<entry key="replacement-strategy" type="xstring" value="Missing values"/>
<entry key="detection-option" type="xstring" value="All outliers"/>
<entry key="update-domain" type="xboolean" value="false"/>
</config>
<config key="permitted intervals">
<config key="groups">
<entry key="array-size" type="xint" value="0"/>
</config>
<config key="outliers">
<entry key="array-size" type="xint" value="5"/>
<entry key="0" type="xstring" value="Total Pawdacity Sales"/>
<entry key="1" type="xstring" value="Land Area"/>
<entry key="2" type="xstring" value="Households with Under 18"/>
<entry key="3" type="xstring" value="Population Density"/>
<entry key="4" type="xstring" value="Total Families"/>
</config>
<config key="data">
<config key="row0">
<config key="key">
<config key="group-key">
<entry key="array-size" type="xint" value="0"/>
</config>
</config>
<config key="interval-columns">
<config key="interval0">
<entry key="outlier" type="xstring" value="Total Families"/>
<config key="interval">
<entry key="array-size" type="xint" value="2"/>
<entry key="0" type="xdouble" value="-4704.2887500000015"/>
<entry key="1" type="xdouble" value="14478.761250000001"/>
</config>
</config>
<config key="interval1">
<entry key="outlier" type="xstring" value="Land Area"/>
<config key="interval">
<entry key="array-size" type="xint" value="2"/>
<entry key="0" type="xdouble" value="-597.4532875000007"/>
<entry key="1" type="xdouble" value="5654.804612500001"/>
</config>
</config>
<config key="interval2">
<entry key="outlier" type="xstring" value="Total Pawdacity Sales"/>
<config key="interval">
<entry key="array-size" type="xint" value="2"/>
<entry key="0" type="xdouble" value="73548.0"/>
<entry key="1" type="xdouble" value="452844.0"/>
</config>
</config>
<config key="interval3">
<entry key="outlier" type="xstring" value="Population Density"/>
<config key="interval">
<entry key="array-size" type="xint" value="2"/>
<entry key="0" type="xdouble" value="-5.8862499999999995"/>
<entry key="1" type="xdouble" value="14.083749999999998"/>
</config>
</config>
<config key="interval4">
<entry key="outlier" type="xstring" value="Households with Under 18"/>
<config key="interval">
<entry key="array-size" type="xint" value="2"/>
<entry key="0" type="xdouble" value="-3178.625"/>
<entry key="1" type="xdouble" value="8354.375"/>
</config>
</config>
</config>
</config>
</config>
</config>
</config>
</config>
